{
    "total_results": {
        "FS": -6.479524385417391e-20, 
        "FX": 0.331938958907426, 
        "FY": -6.479524385417391e-20, 
        "FZ": -3.3407997643838567, 
        "FD": 0.2532277307765332, 
        "MY": -1.3221546839913547, 
        "FL": 3.3476861045375133, 
        "MX": -6.070357676761875e-15, 
        "MZ": 0.00028534016572067506
    }, 
    "wing_results": {
        "total": {
            "FS": -6.479524385417391e-20, 
            "L/D": 13.220061224225706, 
            "FX": 0.331938958907426, 
            "FY": -6.479524385417391e-20, 
            "FZ": -3.3407997643838567, 
            "FD": 0.2532277307765332, 
            "MY": -1.3221546839913547, 
            "FL": 3.3476861045375133, 
            "MX": -6.070357676761875e-15, 
            "MZ": 0.00028534016572067506
        }, 
        "viscous": {
            "FS": -6.479524385417391e-20, 
            "FX": -0.040177435844291794, 
            "FY": -6.479524385417391e-20, 
            "FZ": -0.004479513002530661, 
            "FD": 0.04034490958533392, 
            "MY": -0.0014328676339100317, 
            "FL": -0.002565279383080088, 
            "MX": 6.3786595848798676e-18, 
            "MZ": -2.239563105925661e-17
        }, 
        "inviscid": {
            "FS": 0.0, 
            "FX": 0.37211639475171776, 
            "FY": 0.0, 
            "FZ": -3.336320251381326, 
            "FD": 0.21288282119119928, 
            "MY": -1.3207218163574448, 
            "FL": 3.350251383920593, 
            "MX": -6.076736336346755e-15, 
            "MZ": 0.00028534016572069745
        }
    }, 
    "prop_results": {}
}